"","ME","RMSE","MAE","MPE","MAPE"
"Test set",14.3246972689764,71.4925735504632,49.5654269729724,-3.87174083599125,25.7942303771745
