"","ME","RMSE","MAE","MPE","MAPE"
"Test set",11.3273940032907,71.826983554133,50.6544110312255,-5.8355295459804,27.2880150392865
